Accession_Association,Accession_Number
Diana,1965.16.32a-b
Jack,1985.12
Forest,1977.107.1
Forest,193.95.62
Predator,1958.11.18
Predator,163.14.1
Predator,1971.124
Youth,1991.176
Youth,1910.9.1
Horse,2002.3
Horse,1980.137.93
City,1964.1.88
City,1964.1.128A-B
Vase,1986.65.307A-b
Creature,2000.26.2
Creature,2007.47.12
Creature,2000.26.1
Creature,1991.194.1A-C
Portal,1979.107a-d
New_city,2011.36a-d
Other_Diana,2000.20.2
Other_Diana,1973.29
Movement,2003.31A-X
Story,1913.6.1
Direction,2014.12.5
fruit,1964.1.142
fruit,1964.1.75
fruit,1992.84
work,1964.1.79
work,1967.59.693
work,1965.18.42
work,1976.122.1
work,1990.3
work,1964.1.22
work,1974.28.369
work,1964.19.5
work,1968.141
work,1968.61
work,1970.35.7
work,1974.28.344
fun,1964.1.119
fun,1976.124
fun,1968.1
fun,1964.1.15
fun,1972.149
fun,1976.146.18
fun,1993.2
fun,1976.122.1
fun,1990.3
fun,1969.172
fun,1970.35.7
fun,1974.28.334
"""There's nothing wrong with you baby""",2013.8.32
"""There's nothing wrong with you baby""",2013.8.5
"""Don't Try and Take It All In""",2013.8.35.2
"""Don't Try and Take It All In""",2013.8.16R-V
"""Don't Try and Take It All In""",2013.8.39.1R-V
"""The 7 OO's of Love""",2013.8.3R-V
"""The 7 OO's of Love""",2013.8.29R-V
"""The 7 OO's of Love""",2013.8.70.1
attack,1967.50.9
attack,1967.50.2
attack,1967.50.5
horses,1967.50.3
horses,1964.5.1
medal,1972.167.1
Bust,XX70
Paintaing,1967.90.1
Hand,1968.155.133
Stick,1986.65.7
Money,2013.49.1
atomic,1979.107A-D
Nenuphar,1968.62.1
Valencia,1998.31.6
Superhighway,2002.23
Maesta,2004.1A-C
Untitled ,2005.5.45
Destiny,2011.36A-D
X,2014.26.1A-F
Vigra,2013.88.4
Drag-on,2014.12.5
Bounetheau,Bounetheau
wanting,wanting
Stars,stars
Stars,Stars
15,15
2,2
3,3
Reiner,reiner
Reiner,Reiner
Stone,stone
Stone,Stone
17,17
Salome,Salome
Salome,salome
Container,container
Container,Container
Other_Dimension,
Supplies,1950.4.14
Supplies,1967.59.582
Bell,1997.17A-C
Bell,1983.105.17A-B
Orange,1999.100A-B
Orange,1986.65.277
Earth,Earth
Earth,earth
bombe,bombe
bombe,Bombe
bombe,BOMBE
container,1991.205.5
Lorelei,2011.8
Head,1986.92.19
Dance,1972.168
Dance,1974.103
Dance,1997.124.51
Dance,1917.3.1
Dance,1929.6.93
Dance,1982.126
Dance,1966.47.28
Dance,1966.47.29
Dance,1964.1.77
Dance,2001.89.33A-B
Dance,1966.47.64
Dance,1999.22.2
Dance,1991.205.15
Dance,1982.105
Dance,1967.93.4
Dance,1993.2
Dance,1996.6
Dance,1997.124.103A
Dance,2004.4
Dance,1997.124.177
Dance,1956.11.36
Dance,1987.14.1
Dance,1986.92.8
Veil,1991.205.5
Veil,1991.205.10
Veil,1991.205.2
Veil,1985.130.56
Veil,1986.6.69
Veil,1985.30.62
Veil,2012.72.10
Veil,1967.39.1
Veil,1983.31.2
Veil,1952.13.72
Veil,1972.181.2
Veil,1929.6.111
Veil,1991.102
Veil,1915.3.1
Veil,1975.93.1
Veil,1930.12.70
Veil,1939.4.1
Veil,1926.6.1
Veil,2005.5.12
Veil,2000.3
Veil,1973.189
Veil,1912.3.3
Veil,1929.6.63
Veil,1929.6.55
Veil,1911.2.4
Veil,1997.62
Veil,1909.7.84
Veil,1929.6.1
Veil,1982.126
Veil,1993.33
Veil,1909.9.1
Veil,1959.10.1
Veil,1909.7.57
Veil,1916.10.1
Aristname,Albert Pinkham Ryder
Aritistname,Albert Ryder
happiness,Happiness
happiness,happiness
Box,1929.8.245.58
Box,1929.8.245.77
Box,1929.8.320.2
Box,1986.65.315A-B
Box,1986.65.90
Box,2002.2
Box,1986.65.74
Box,1985.30.14
Box,2003.22.2A-B
Box,1999.27.77
Box,1929.8.245.1
Box,1929.8.245.4
Box,1929.8.245.15
Box,1929.8.245.20
Box,1929.8.245.24
Box,1929.8.245.33
Box,1929.8.245.38
Box,1929.8.245.44
Box,1929.8.245.46
Box,1929.8.245.48
Box,1929.8.554.2
Box,1929.8.554.5
Box,1986.65.379
Box,1981.109.1
Boat,2005.14
Boat,1967.59.1011
Boat,1983.95.121
Boat,1909.9.5
Boat,1983.95.203
Boat,1909.10.2
Boat,1929.6.102
Boat,2011.43
Boat,1967.93.39
Boat,1992.18
Boat,1983.95.82
Boat,1982.1.34
Boat,1982.1.33
Boat,1930.12.28
Boat,1929.6.159
Boat,1987.67
Boat,1967.59.893
Boat,1967.59.720
Boat,1913.6.1
Boat,1966.83
Boat,1988.64
Boat,1925.12.1
Boat,1929.6.20
Boat,1953.13
Boat,1929.6.95
Boat,1929.6.61
Boat,1978.72
Boat,1948.13.9
Boat,1929.6.103
Boat,1978.43
Boat,1965.18.55
Boat,1925.12.3
Machine,2011.37.17
Machine,1995.37
Machine,2011.37.20
Machine,2011.37.5
Machine,2011.37.12
Machine,2011.37.6
Machine,2011.37.9
Machine,1986.65.368
Machine,1964.1.128A-B
Machine,1968.141
Machine,1986.65.379
Machine,1990.46A-B
Machine,1964.1.92
Horse,"1985.66.209,417"
Horse,2007.47.2
Horse,1964.5.1
Horse,1986.65.89
Horse,1986.65.358
Horse,1992.12.1A-F
Horse,1966.45
Horse,1992.2.2
Horse,1958.11.23
Horse,2002.3
Horse,1967.50.3
Horse,1980.137.93
Horse,1971.449.19
Horse,1968.146
Horse,1983.3
Horse,1986.65.262A-C
Horse,1966.47.87
Horse,2005.23.1
Horse,2005.23.2
Horse,1973.141.2
Horse,1966.47.36
Horse,1966.47.75
Horse,1965.16.51
Horse,1906.9.19
Horse,1997.124.79
Horse,1978.76.3
Horse,1967.131
Horse,2003.3
Horse,1996.91.31
Horse,1977.42.5
Horse,1910.9.13
Freedom,1967.59.582
Freedom,1986.65.80
Freedom,1973.166
Freedom,1967.59.1011
Freedom,1972.167.31
Freedom,1976.108.109
Freedom,2003.79.2
Freedom,1979.9
Freedom,1958.11.18
Freedom,1980.128.15
Freedom,1966.51.77
Freedom,1966.51.78
Freedom,1994.121
Freedom,1971.124
Supplies,1950.4.14
Supplies,1967.59.582
Supplies,2012.23
Supplies,1965.16.54.1
Supplies,1965.16.55
Supplies,1965.16.54.2
Supplies,1965.16.96
Supplies,1882.1.6
Supplies,1926.6.8
Supplies,2002.15
Supplies,1985.65.9
Supplies,XX79
Supplies,2015.7.1
Supplies,1986.65.296A-B
Supplies,1992.37.1
Supplies,1983.46.8
Supplies,1991.158.5
Fruit,1999.100A-B
Fruit,1981.114
Fruit,1979.148
Fruit,1983.69
Fruit,1966.47.138
Fruit,1966.47.137
Fruit,1995.16.3
Fruit,1995.16.4
Fruit,2001.26
Fruit,2000.3A-G
Fruit,2001.89.33A-B
Fruit,1929.8.554.5
Fruit,1983.95.192
Fruit,2003.18
Fruit,1985.30.56
Fruit,1967.39.2
Fruit,1986.6.94
Fruit,1984.47
Fruit,1986.6.69
Fruit,1964.1.75
Fruit,1964.1.97